<?xml version="1.0" encoding="UTF-8"?>
<project-private xmlns="http://www.netbeans.org/ns/project-private/1">
    <editor-bookmarks xmlns="http://www.netbeans.org/ns/editor-bookmarks/2" lastBookmarkId="0"/>
    <open-files xmlns="http://www.netbeans.org/ns/projectui-open-files/2">
        <group>
            <file>file:/D:/DatabaseApplication/softdev/src/Form/FormOrder.java</file>
            <file>file:/D:/DatabaseApplication/softdev/src/Form/FormOrderDetaill.java</file>
            <file>file:/D:/DatabaseApplication/softdev/src/DAO/OrderDetail.java</file>
            <file>file:/D:/DatabaseApplication/softdev/src/Form/FormIndex.java</file>
            <file>file:/D:/DatabaseApplication/softdev/src/Service/OrderDetaillService.java</file>
            <file>file:/D:/DatabaseApplication/softdev/src/DAO/OrderDetailDAO.java</file>
        </group>
    </open-files>
</project-private>
